{
  "experiment": "Gradient Flow & Conflict Analysis",
  "version": "v2-journal-ready",
  "config": {
    "n_hidden": 4,
    "n_neurons": 64,
    "n_epochs": 50000,
    "track_every": 500,
    "seed": 42,
    "w_pde": 1.0,
    "w_ic": 10.0,
    "w_bc": 1.0,
    "conflict_threshold": -0.1
  },
  "l2_error": 0.0904728336369832,
  "training_time": 677.6225483417511,
  "gradient_tracking_note": "Gradient vectors are recorded per-component WITHOUT the training loss weights applied. The training loss is: L = 1.0\u00b7L_pde + 10.0\u00b7L_ic + 1.0\u00b7L_bc. However, gradient tracking computes \u2207L_pde, \u2207L_ic, \u2207L_bc individually (unweighted). This means the cosine similarities measure the DIRECTIONAL relationship between raw component gradients, not the weighted gradients that the optimizer actually follows. The IC gradient that the optimizer sees is 10.0\u00d7 larger in magnitude than what is measured here, but the direction (and therefore cosine similarity) is identical since scalar weighting preserves direction.",
  "epochs_tracked": [
    0,
    500,
    1000,
    1500,
    2000,
    2500,
    3000,
    3500,
    4000,
    4500,
    5000,
    5500,
    6000,
    6500,
    7000,
    7500,
    8000,
    8500,
    9000,
    9500,
    10000,
    10500,
    11000,
    11500,
    12000,
    12500,
    13000,
    13500,
    14000,
    14500,
    15000,
    15500,
    16000,
    16500,
    17000,
    17500,
    18000,
    18500,
    19000,
    19500,
    20000,
    20500,
    21000,
    21500,
    22000,
    22500,
    23000,
    23500,
    24000,
    24500,
    25000,
    25500,
    26000,
    26500,
    27000,
    27500,
    28000,
    28500,
    29000,
    29500,
    30000,
    30500,
    31000,
    31500,
    32000,
    32500,
    33000,
    33500,
    34000,
    34500,
    35000,
    35500,
    36000,
    36500,
    37000,
    37500,
    38000,
    38500,
    39000,
    39500,
    40000,
    40500,
    41000,
    41500,
    42000,
    42500,
    43000,
    43500,
    44000,
    44500,
    45000,
    45500,
    46000,
    46500,
    47000,
    47500,
    48000,
    48500,
    49000,
    49500
  ],
  "cosine_pde_ic": [
    -0.3323242664337158,
    -0.995727002620697,
    -0.9995709657669067,
    -0.961052417755127,
    0.3039371073246002,
    -0.3109343945980072,
    0.30116817355155945,
    0.37409529089927673,
    0.4536168873310089,
    0.1271476149559021,
    0.46033674478530884,
    0.21482695639133453,
    -0.34615615010261536,
    0.22791412472724915,
    0.6001954674720764,
    0.3923211395740509,
    0.32518258690834045,
    0.49903035163879395,
    0.6309159994125366,
    0.5374358892440796,
    0.4490814507007599,
    0.288114458322525,
    0.6288158893585205,
    0.4888679087162018,
    0.44258207082748413,
    0.4427410364151001,
    0.5709418058395386,
    0.3713291585445404,
    0.44273510575294495,
    0.08469875901937485,
    0.6932076811790466,
    0.21125049889087677,
    -0.5166703462600708,
    0.4437808692455292,
    0.6871232390403748,
    0.35304591059684753,
    0.3909783661365509,
    0.15085254609584808,
    0.5143335461616516,
    -0.18899467587471008,
    0.5443534255027771,
    0.3280666172504425,
    0.7082587480545044,
    0.5968044400215149,
    0.5912849307060242,
    0.6968173384666443,
    0.3566819131374359,
    0.6435700058937073,
    0.16854271292686462,
    0.6957658529281616,
    0.6733120679855347,
    0.466178834438324,
    0.7349748015403748,
    0.6765561699867249,
    0.6101051568984985,
    0.49356475472450256,
    0.5849949717521667,
    0.6316366791725159,
    0.6559363603591919,
    0.5787983536720276,
    0.5676167011260986,
    0.10872197151184082,
    0.7239417433738708,
    0.7856818437576294,
    0.33390313386917114,
    0.6919412612915039,
    0.7384218573570251,
    0.3401288092136383,
    0.7686638236045837,
    0.23422347009181976,
    0.3736253082752228,
    0.4037436246871948,
    0.7053408622741699,
    0.24066093564033508,
    0.715124785900116,
    0.8208225965499878,
    0.7312510013580322,
    0.44312214851379395,
    0.5652596950531006,
    0.7276185750961304,
    -0.37426578998565674,
    0.7271335124969482,
    0.5127313137054443,
    -0.45117390155792236,
    0.7084190249443054,
    -0.5032821297645569,
    -0.234543114900589,
    0.8184912204742432,
    0.6337407827377319,
    0.527729868888855,
    0.5986743569374084,
    0.3741421103477478,
    0.6062301993370056,
    0.41375625133514404,
    0.4793871343135834,
    0.657436192035675,
    0.764587938785553,
    0.1725904792547226,
    -0.6073918342590332,
    -0.5374249815940857
  ],
  "cosine_pde_bc": [
    -0.24899041652679443,
    -0.8538724184036255,
    -0.5105826258659363,
    -0.754440188407898,
    0.5193032622337341,
    0.030459528788924217,
    0.39985883235931396,
    0.31162935495376587,
    0.2388371378183365,
    0.4974448084831238,
    0.5688234567642212,
    0.24587176740169525,
    0.27652812004089355,
    0.21929241716861725,
    0.34420445561408997,
    0.1796741932630539,
    0.2177427113056183,
    0.2568483054637909,
    0.5938680768013,
    0.32394811511039734,
    0.39026644825935364,
    0.22397483885288239,
    0.5948477387428284,
    0.18855023384094238,
    0.3743928074836731,
    0.19255363941192627,
    0.25077980756759644,
    0.29414552450180054,
    0.325139582157135,
    0.08005402982234955,
    0.5586144328117371,
    0.15597820281982422,
    0.2013949453830719,
    0.15025749802589417,
    0.5637180209159851,
    0.2229861319065094,
    0.1913996785879135,
    0.16817356646060944,
    0.37169191241264343,
    -0.16479024291038513,
    0.35861119627952576,
    0.22336341440677643,
    0.5593258738517761,
    0.4518025517463684,
    0.3010668158531189,
    0.566510796546936,
    0.10602475702762604,
    0.40396571159362793,
    0.1775524616241455,
    0.5704960823059082,
    0.5785754323005676,
    0.27104005217552185,
    0.5778640508651733,
    0.35898858308792114,
    0.41386866569519043,
    0.35747361183166504,
    0.19784434139728546,
    0.25202319025993347,
    0.38697031140327454,
    0.2639094591140747,
    0.5861825942993164,
    0.05086996406316757,
    0.5741996765136719,
    0.6692085266113281,
    0.23252268135547638,
    0.5141603946685791,
    0.36613160371780396,
    0.18599875271320343,
    0.6815370321273804,
    0.17811311781406403,
    0.17374755442142487,
    0.3022000789642334,
    0.5675139427185059,
    0.10831401497125626,
    0.5783767104148865,
    0.23041576147079468,
    0.6686203479766846,
    0.14141908288002014,
    0.4553743004798889,
    0.38603851199150085,
    -0.2918128967285156,
    0.43198731541633606,
    0.14226634800434113,
    -0.23708997666835785,
    0.16124258935451508,
    -0.4004184901714325,
    -0.4059050679206848,
    0.4700711667537689,
    -0.30556488037109375,
    -0.1274438500404358,
    0.1343555748462677,
    0.4955066740512848,
    0.06456498056650162,
    0.3515852689743042,
    0.4207148551940918,
    0.5379858016967773,
    0.21630333364009857,
    -0.45446211099624634,
    0.5143080949783325,
    0.3001457750797272
  ],