{
  "experiment": "Temporal Stiffness / Long-Time Integration",
  "version": "v2-fixed",
  "alpha": 0.01,
  "t_total": 10.0,
  "eval_times": [
    0.5,
    1.0,
    1.5,
    2.0,
    2.5,
    3.0,
    3.5,
    4.0,
    4.5,
    5.0,
    5.5,
    6.0,
    6.5,
    7.0,
    7.5,
    8.0,
    8.5,
    9.0,
    9.5,
    10.0
  ],
  "errors_single": [
    0.0006172821281592485,
    0.0007462824207184831,
    0.0009007992332316149,
    0.0008532127143040408,
    0.0009692359101194401,
    0.0010993097343213003,
    0.001243323252290258,
    0.0014452916255583814,
    0.001647454142899635,
    0.0018040421922186143,
    0.0019131896383436445,
    0.0019816632192247276,
    0.0020045222109062225,
    0.0019716811381491266,
    0.0018821649515240013,
    0.0017501770844317833,
    0.00159903769775147,
    0.0014486980174329433,
    0.0013122910776215487,
    0.001241848196446463
  ],
  "errors_windowed": [
    0.12588878934739006,
    0.1268678549900075,
    0.12837954179863972,
    0.12472158131572257,
    0.1166130419425623,
    0.10590085941085639,
    0.09397924542789547,
    0.08166379306308562,
    0.06940773716411813,
    0.05750940109961942,
    0.04622720111412191,
    0.03581340971379097,
    0.02650363112384925,
    0.018492679436874382,
    0.011913994203236428,
    0.006828060469713369,
    0.003218924504253563,
    0.0010335819107341073,
    0.0008184508908978301,
    0.001800519301794254
  ],
  "single_domain_failed": false,
  "catastrophic_time_single": null,
  "windowed_failed": false,
  "catastrophic_time_windowed": null,
  "error_growth_single": "polynomial",
  "error_growth_windowed": "polynomial",
  "growth_fits_single": {
    "linear": {
      "r2": 0.4026563601770665
    },
    "polynomial": {
      "r2": 0.8866217757403211
    },
    "exponential": {
      "r2": 0.33560465812119766
    }
  },
  "growth_fits_windowed": {
    "linear": {
      "r2": 0.9599218617413937
    },
    "polynomial": {
      "r2": 0.9675895877931331
    },
    "exponential": {
      "r2": 0.8934529449095405
    }
  },
  "catastrophic_threshold": 0.5,
  "peak_error_single": 0.0020045222109062225,
  "peak_error_windowed": 0.12837954179863972
}