{
  "experiment": "Structural vs Hyperparameter Failure Decomposition",
  "version": "v1-gpu-optimised",
  "config": {
    "beta_levels": [
      1,
      10,
      30,
      50
    ],
    "nu_levels": [
      0.1,
      0.01,
      0.001
    ],
    "arch_levels": [
      "mlp_tanh",
      "mlp_silu",
      "shallow"
    ],
    "lr_levels": [
      0.0001,
      0.001,
      0.005
    ],
    "width_levels": [
      32,
      64,
      128
    ],
    "init_levels": [
      "xavier",
      "he",
      "orthogonal"
    ],
    "n_seeds": 2,
    "n_epochs": 8000,
    "global_seed": 42,
    "resample_every": 20,
    "check_every": 50
  },
  "eta2_advection": {
    "S1_beta": 0.11961562715596001,
    "S3_arch": 0.0369141752402243,
    "H1_lr": 0.08087822290129407,
    "H2_width": 0.0032300686654953984,
    "H3_init": 0.007384362390466206,
    "S_group": 0.15652980239618397,
    "H_group": 0.09149265395725546
  },
  "eta2_burgers": {
    "S2_nu": 0.5796648592317893,
    "S3_arch": 0.09320466118984327,
    "H1_lr": 0.0019501381191086918,
    "H2_width": 0.00023989917663086514,
    "H3_init": 0.00015011421689180082,
    "S_group": 0.6728695204216304,
    "H_group": 0.0023401515126313505
  },
  "thesis_supported": {
    "advection": false,
    "burgers": false,
    "threshold_S": 0.7,
    "threshold_H": 0.3,
    "criterion": "Structural group \u03b7\u00b2 > 0.70 AND Hyperparameter group \u03b7\u00b2 < 0.30"
  },
  "interpretation": {
    "structural_dominance": "\u03b7\u00b2(S) > \u03b7\u00b2(H) means the physical parameters (\u03b2, \u03bd, architecture class) explain more variance in L2 error than any combination of hyperparameter tuning (LR, width, initialization strategy). This formally supports the Zugzwang Thesis: PINN failure is structural, not a hyperparameter optimization problem.",
    "residual_variance": "\u03b7\u00b2_total = \u03b7\u00b2_S + \u03b7\u00b2_H + \u03b7\u00b2_interaction + \u03b7\u00b2_noise. Interaction terms and within-cell noise account for remaining unexplained variance. Their magnitude bounds how much additional improvement is theoretically achievable by tuning."
  },
  "raw_summary": {
    "advection": {
      "n_runs": 648,
      "mean_l2": 1.538253716856361,
      "std_l2": 0.8519773286638868,
      "min_l2": 0.017004943068321548,
      "max_l2": 8.316541190753473
    },
    "burgers": {
      "n_runs": 486,
      "mean_l2": 1.2295202037431383,
      "std_l2": 0.817931881688554,
      "min_l2": 0.15931850274052897,
      "max_l2": 2.0
    }
  },
  "elapsed_seconds": 0.012845277786254883
}