{
  "experiment": "Gradient Pathology (Wang et al. 2021)",
  "version": "v2-journal-ready",
  "config": {
    "n_hidden": 4,
    "n_neurons": 64,
    "n_epochs": 20000,
    "track_every": 1000,
    "pathology_threshold": 10.0,
    "sustained_consecutive": 2
  },
  "lambda_note": "Baseline uses seed=0, lambda_bc=1.0. Lambda sweep uses seed=42 for all lambda values. These are INDEPENDENT runs with different random initializations. The baseline and sweep lambda=1.0 entry will have different peak ratios (and different pathology trajectories) because they were trained from different initial weight configurations. This is expected and should be noted in any comparison.",
  "onset_definition_note": "pathology_onset (canonical) = sustained onset: first epoch where gradient ratio > 10.0\u00d7 for at least 2 consecutive measurements. transient_onset = first single crossing > threshold. v1 used transient_onset only, which can fire on spikes that immediately recover. Sustained onset is more physically meaningful and reviewer-defensible.",
  "baseline": {
    "seed": 0,
    "lambda_bc": 1.0,
    "epochs": [
      0,
      1000,
      2000,
      3000,
      4000,
      5000,
      6000,
      7000,
      8000,
      9000,
      10000,
      11000,
      12000,
      13000,
      14000,
      15000,
      16000,
      17000,
      18000,
      19000
    ],
    "pde_grad_norms": [
      1.6171374320983887,
      4.536778926849365,
      4.06945276260376,
      3.822298526763916,
      2.6268296241760254,
      2.737748384475708,
      0.3280872404575348,
      3.119523525238037,
      0.16373644769191742,
      0.1562419980764389,
      0.50727778673172,
      1.788968801498413,
      0.794390082359314,
      0.2313232719898224,
      0.1271648108959198,
      0.4039466679096222,
      0.07169926911592484,
      0.05462418124079704,
      0.038738735020160675,
      0.05451778322458267
    ],
    "bc_grad_norms": [
      1.1073811054229736,
      0.15042908489704132,
      0.15456987917423248,
      0.14484089612960815,
      0.09849212318658829,
      0.1002117171883583,
      0.0310360137373209,
      0.02168404310941696,
      0.02926291711628437,
      0.030829885974526405,
      0.013304179534316063,
      0.030700141564011574,
      0.010122722014784813,
      0.004237897228449583,
      0.014743048697710037,
      0.0068927486427128315,
      0.003130404744297266,
      0.004370230250060558,
      0.004983511287719011,
      0.004839128814637661
    ],
    "ic_grad_norms": [
      2.3406262397766113,
      0.5151160955429077,
      0.2693704664707184,
      0.14682720601558685,
      0.039249237626791,
      0.029290156438946724,
      0.012873616069555283,
      0.03135302662849426,
      0.011047971434891224,
      0.014200367964804173,
      0.009775246493518353,
      0.038671426475048065,
      0.006899327039718628,
      0.010901883244514465,
      0.007666172459721565,
      0.007230297662317753,
      0.0069135092198848724,
      0.0037469370290637016,
      0.004595594946295023,
      0.004914082586765289
    ],
    "ratios": [
      1.4603260107826286,
      30.15892126149998,
      26.32759231193186,
      26.38963599992922,
      26.670453831111256,
      27.31964346374612,
      10.571178477827806,
      143.86263251262807,
      5.59535630167235,
      5.067874665690813,
      38.12920484298004,
      58.27233069164549,
      78.4759357413018,
      54.58444589852667,
      8.625408048450092,
      58.604584157683405,
      22.90415296825151,
      12.499154075472365,
      7.773381614610864,
      11.266032650272567
    ],
    "peak_ratio": 143.86263251262807,
    "peak_ratio_epoch": 7000,
    "transient_onset": 1000,
    "pathology_onset": 1000,
    "l2_error": 0.09039513659480418
  },
  "lambda_sweep": {
    "0.1": {
      "seed": 42,
      "epochs": [
        0,
        1000,
        2000,
        3000,
        4000,
        5000,
        6000,
        7000,
        8000,
        9000,
        10000,
        11000,
        12000,
        13000,
        14000,
        15000,
        16000,
        17000,
        18000,
        19000
      ],
      "ratios": [
        1.094896419199997,
        102.31945708077491,
        114.59722840586797,
        36.21680572102288,
        326.5638588117225,
        18.113652962280085,
        26.006787823280238,
        122.46732496180863,
        936.4168518276109,
        309.33041116292446,
        280.62172678986036,
        559.5642568143546,
        930.5843846547926,
        625.6857921607289,
        218.54272425708047,
        274.3611687828365,
        419.3681297558474,
        763.4038248123848,
        159.59340095847463,
        22.062696885802325
      ],
      "pde_norms": [
        0.06779615581035614,
        2.430553436279297,
        2.4743492603302,
        0.6549056172370911,
        7.113192558288574,
        0.10002738982439041,
        0.3148060441017151,
        0.19660164415836334,
        0.514247477054596,
        0.6251695156097412,
        0.1925879269838333,
        0.23314914107322693,
        0.8621414303779602,
        0.21823425590991974,
        0.24461457133293152,
        0.1021723821759224,
        0.4423186480998993,
        0.22733385860919952,
        0.07070718705654144,
        0.008620910346508026
      ],
      "bc_norms": [
        0.061920154839754105,
        0.023754557594656944,
        0.021591702476143837,
        0.01808292046189308,
        0.021781934425234795,
        0.00552220968529582,
        0.012104764580726624,
        0.0016053395811468363,
        0.0005491651245392859,
        0.0020210412330925465,
        0.0006862901500426233,
        0.00041666196193546057,
        0.0009264516411349177,
        0.0003487920912448317,
        0.0011192986276000738,
        0.0003724010311998427,
        0.001054726424627006,
        0.00029778978205285966,
        0.00044304580660536885,
        0.00039074599044397473
      ],
      "transient_onset": 1000,
      "pathology_onset": 1000,
      "peak_ratio": 936.4168518276109,
      "l2_error": 0.09039433724201912
    },
    "1.0": {
      "seed": 42,
      "epochs": [
        0,
        1000,
        2000,
        3000,
        4000,
        5000,
        6000,
        7000,
        8000,
        9000,
        10000,
        11000,
        12000,
        13000,
        14000,
        15000,
        16000,
        17000,
        18000,
        19000
      ],
      "ratios": [
        0.10948964323744055,
        153.47841838162242,
        65.96383706714293,
        153.5313036225917,
        10.83387090477056,
        75.97209101635961,
        22.639172064367703,
        53.35139517920076,
        115.56900632248964,
        18.25143906064506,
        60.76277051438415,
        9.048134192550103,
        143.82864134770156,
        56.88520186769758,
        20.911710828000302,
        19.707351625278488,
        20.500182598276947,
        23.95521034471204,
        13.331156599830514,
        41.56702737052298
      ],
      "pde_norms": [
        0.06779615581035614,
        4.303472995758057,
        2.1563079357147217,
        1.9738281965255737,
        0.4496743977069855,
        4.338254451751709,
        1.5987719297409058,
        4.9529547691345215,
        2.7294743061065674,
        0.5997588038444519,
        0.7746289372444153,
        0.1997138261795044,
        1.0756926536560059,
        0.47273072600364685,
        0.10495023429393768,
        0.0779949501156807,
        0.1868991106748581,
        0.10220153629779816,
        0.05021607130765915,
        0.09375498443841934
      ],