{
  "experiment": "Unified Failure Phase Space",
  "version": "v1",
  "config": {
    "beta_vals": [
      1,
      5,
      10,
      20,
      30,
      40,
      50
    ],
    "n_col_vals": [
      100,
      250,
      500,
      750,
      1000,
      2000,
      5000
    ],
    "nu_vals": [
      0.1,
      0.05,
      0.01,
      0.005,
      0.001
    ],
    "width_vals": [
      16,
      32,
      64,
      128,
      256
    ],
    "n_epochs": 5000,
    "seed": 42
  },
  "grid_A": {
    "l2_matrix": [
      [
        0.05584958726567071,
        0.05429358647882635,
        0.05610860479928247,
        0.05459971682065615,
        0.054552855132984336,
        0.05431132504250162,
        0.054359828170903256
      ],
      [
        0.5478227133079258,
        0.5745666598238074,
        0.5521809679165914,
        0.5277506525022563,
        0.5256459050608606,
        0.5555088756104698,
        0.5245569975400883
      ],
      [
        0.8433897705252206,
        0.8274330423768743,
        0.8269500521988733,
        0.8229617207378059,
        0.8260073929857287,
        0.8297332123741893,
        0.8228777375563133
      ],
      [
        0.9484606419558124,
        0.9439721686108685,
        0.9410860305260681,
        0.9416432543043178,
        0.9414013054247302,
        0.9424652545822397,
        0.9427737153214276
      ],
      [
        0.9757677071558433,
        0.9735344620216568,
        0.9726586765008164,
        0.9729485819305472,
        0.969847408054824,
        0.9642081175620385,
        0.9668913939663818
      ],
      [
        0.9980089260590491,
        0.9989118548316768,
        0.9958628264841859,
        0.9946688588898209,
        0.990404168035652,
        0.9941970468171716,
        0.9934387554805518
      ],
      [
        0.9981263543317574,
        1.0069012520481606,
        1.012152690914775,
        1.0105356474914773,
        1.0108321448106614,
        1.0060843141599327,
        1.000481483888741
      ]
    ],
    "grad_ratio": [
      [
        5.070914655303774,
        3.7155213118145745,
        4.325762232551838,
        4.241674684337567,
        4.058892914073799,
        4.2327652367985635,
        3.178236833686347
      ],
      [
        9.628196404289683,
        7.149931107173533,
        5.271078810506852,
        5.133005443552885,
        5.10654047285575,
        5.389809148615194,
        5.1791490465040875
      ],
      [
        16.400207734947166,
        9.393954503718387,
        8.796784300253846,
        8.911027779120314,
        8.944774855833927,
        9.036942282493921,
        9.73160039324169
      ],
      [
        13.703880328609374,
        9.31081346690813,
        9.434342290614348,
        8.290904723445403,
        8.244589135051395,
        8.416966225126664,
        7.656959296673571
      ],
      [
        11.511389510848183,
        5.510847908582078,
        4.130224057591519,
        3.7414843862632825,
        4.025854760923389,
        5.249336813799118,
        3.6986746988373147
      ],
      [
        62.845431986721,
        17.546602254791473,
        12.592144438356085,
        26.066062109076995,
        22.834873576859795,
        24.732114844468057,
        17.2368606957631
      ],
      [
        6.087365131163269,
        9.342942918850403,
        3.8760208454011877,
        1.6096387583471092,
        1.4650479871876982,
        2.483055737388106,
        2.2109786300594396
      ]
    ],
    "regime_codes": [
      [
        0,
        0,
        0,
        0,
        0,
        0,
        0
      ],
      [
        1,
        1,
        1,
        1,
        1,
        1,
        1
      ],
      [
        1,
        1,
        1,
        1,
        1,
        1,
        1
      ],
      [
        1,
        1,
        1,
        1,
        1,
        1,
        1
      ],
      [
        1,
        1,
        1,
        1,
        1,
        1,
        1
      ],
      [
        2,
        1,
        1,
        2,
        2,
        2,
        1
      ],
      [
        1,
        1,
        1,
        1,
        1,
        1,
        1
      ]
    ],
    "boundary": {
      "x": [],
      "y": [],
      "best_fit": "insufficient_data",
      "r2": -1.0
    }
  },
  "grid_B": {
    "l2_matrix": [
      [
        0.01610469278940254,
        0.014405317393182385,
        0.014405265802644942,
        0.014058239272629563,
        0.014314119009082683,
        0.014705266960074166,
        0.014092731796840553
      ],
      [
        0.07805618545190766,
        0.054288839794947426,
        0.07636562973741484,
        0.05273468424470665,
        0.04615029666010716,
        0.052384970499970984,
        0.04667483565500653
      ],
      [
        0.36352377327930036,
        0.3499725019750102,
        0.34774751536335985,
        0.33869212735595844,
        0.33312522305955483,
        0.337737993798965,
        0.331471953640481
      ],
      [
        0.39832949804110684,
        0.3848740965127723,
        0.37200229207452695,
        0.3780106692719394,
        0.37867303341182057,
        0.37667329795783505,
        0.3688690527005607
      ],
      [
        0.4242824907302539,
        0.41696078999480457,
        0.4083119190122966,
        0.40850648027009834,
        0.4059927315462651,
        0.4043874656982588,
        0.4053710177319518
      ]
    ],
    "grad_ratio": [
      [
        8.655489543227517,
        6.584054082080771,
        7.849106795524817,
        6.376023303129495,
        6.073699509598985,
        7.724150010292925,
        8.955351845289524
      ],
      [
        16.097012985394056,
        15.31997052599831,
        19.510767798644956,
        15.204590513890308,
        13.267930856418525,
        12.479180155038016,
        12.650798667007718
      ],
      [
        29.904200853779887,
        40.01897744696654,
        40.22669571878988,
        42.33974171111043,
        45.335799035981516,
        44.272590852263,
        41.03131545187676
      ],
      [
        30.006758434694316,
        43.626057729660346,
        47.84583576098919,
        43.61167489222795,
        45.71361120113403,
        45.21513572198829,
        44.3600377722902
      ],
      [
        30.50473390148587,
        43.26517901154995,
        47.60653058694955,
        48.458637768948094,
        49.59356062769976,
        48.585736980428365,
        46.208606542473866
      ]
    ],
    "regime_codes": [
      [
        0,
        0,
        0,
        0,
        0,
        0,
        0
      ],
      [
        0,
        0,
        0,
        0,
        0,
        0,
        0
      ],
      [
        2,
        2,
        2,
        2,
        2,
        2,
        2
      ],
      [
        2,
        2,
        2,
        2,
        2,
        2,
        2
      ],
      [
        2,
        2,
        2,
        2,
        2,
        2,
        2
      ]
    ],
    "boundary": {
      "x": [],
      "y": [],
      "best_fit": "insufficient_data",
      "r2": -1.0
    }
  },