{
  "A": {
    "1_100": {
      "l2": 0.05584958726567071,
      "gr": 5.070914655303774,
      "code": 0
    },
    "1_250": {
      "l2": 0.05429358647882635,
      "gr": 3.7155213118145745,
      "code": 0
    },
    "1_500": {
      "l2": 0.05610860479928247,
      "gr": 4.325762232551838,
      "code": 0
    },
    "1_750": {
      "l2": 0.05459971682065615,
      "gr": 4.241674684337567,
      "code": 0
    },
    "1_1000": {
      "l2": 0.054552855132984336,
      "gr": 4.058892914073799,
      "code": 0
    },
    "1_2000": {
      "l2": 0.05431132504250162,
      "gr": 4.2327652367985635,
      "code": 0
    },
    "1_5000": {
      "l2": 0.054359828170903256,
      "gr": 3.178236833686347,
      "code": 0
    },
    "5_100": {
      "l2": 0.5478227133079258,
      "gr": 9.628196404289683,
      "code": 1
    },
    "5_250": {
      "l2": 0.5745666598238074,
      "gr": 7.149931107173533,
      "code": 1
    },
    "5_500": {
      "l2": 0.5521809679165914,
      "gr": 5.271078810506852,
      "code": 1
    },
    "5_750": {
      "l2": 0.5277506525022563,
      "gr": 5.133005443552885,
      "code": 1
    },
    "5_1000": {
      "l2": 0.5256459050608606,
      "gr": 5.10654047285575,
      "code": 1
    },
    "5_2000": {
      "l2": 0.5555088756104698,
      "gr": 5.389809148615194,
      "code": 1
    },
    "5_5000": {
      "l2": 0.5245569975400883,
      "gr": 5.1791490465040875,
      "code": 1
    },
    "10_100": {
      "l2": 0.8433897705252206,
      "gr": 16.400207734947166,
      "code": 1
    },
    "10_250": {
      "l2": 0.8274330423768743,
      "gr": 9.393954503718387,
      "code": 1
    },
    "10_500": {
      "l2": 0.8269500521988733,
      "gr": 8.796784300253846,
      "code": 1
    },
    "10_750": {
      "l2": 0.8229617207378059,
      "gr": 8.911027779120314,
      "code": 1
    },
    "10_1000": {
      "l2": 0.8260073929857287,
      "gr": 8.944774855833927,
      "code": 1
    },
    "10_2000": {
      "l2": 0.8297332123741893,
      "gr": 9.036942282493921,
      "code": 1
    },
    "10_5000": {
      "l2": 0.8228777375563133,
      "gr": 9.73160039324169,
      "code": 1
    },
    "20_100": {
      "l2": 0.9484606419558124,
      "gr": 13.703880328609374,
      "code": 1
    },
    "20_250": {
      "l2": 0.9439721686108685,
      "gr": 9.31081346690813,
      "code": 1
    },
    "20_500": {
      "l2": 0.9410860305260681,
      "gr": 9.434342290614348,
      "code": 1
    },
    "20_750": {
      "l2": 0.9416432543043178,
      "gr": 8.290904723445403,
      "code": 1
    },
    "20_1000": {
      "l2": 0.9414013054247302,
      "gr": 8.244589135051395,
      "code": 1
    },
    "20_2000": {
      "l2": 0.9424652545822397,
      "gr": 8.416966225126664,
      "code": 1
    },
    "20_5000": {
      "l2": 0.9427737153214276,
      "gr": 7.656959296673571,
      "code": 1
    },
    "30_100": {
      "l2": 0.9757677071558433,
      "gr": 11.511389510848183,
      "code": 1
    },
    "30_250": {
      "l2": 0.9735344620216568,
      "gr": 5.510847908582078,
      "code": 1
    },
    "30_500": {
      "l2": 0.9726586765008164,
      "gr": 4.130224057591519,
      "code": 1
    },
    "30_750": {
      "l2": 0.9729485819305472,
      "gr": 3.7414843862632825,
      "code": 1
    },
    "30_1000": {
      "l2": 0.969847408054824,
      "gr": 4.025854760923389,
      "code": 1
    },
    "30_2000": {
      "l2": 0.9642081175620385,
      "gr": 5.249336813799118,
      "code": 1
    },
    "30_5000": {
      "l2": 0.9668913939663818,
      "gr": 3.6986746988373147,
      "code": 1
    },
    "40_100": {
      "l2": 0.9980089260590491,
      "gr": 62.845431986721,
      "code": 2
    },
    "40_250": {
      "l2": 0.9989118548316768,
      "gr": 17.546602254791473,
      "code": 1
    },
    "40_500": {
      "l2": 0.9958628264841859,
      "gr": 12.592144438356085,
      "code": 1
    },
    "40_750": {
      "l2": 0.9946688588898209,
      "gr": 26.066062109076995,
      "code": 2
    },
    "40_1000": {
      "l2": 0.990404168035652,
      "gr": 22.834873576859795,
      "code": 2
    },
    "40_2000": {
      "l2": 0.9941970468171716,
      "gr": 24.732114844468057,
      "code": 2
    },
    "40_5000": {
      "l2": 0.9934387554805518,
      "gr": 17.2368606957631,
      "code": 1
    },
    "50_100": {
      "l2": 0.9981263543317574,
      "gr": 6.087365131163269,
      "code": 1
    },
    "50_250": {
      "l2": 1.0069012520481606,
      "gr": 9.342942918850403,
      "code": 1
    },
    "50_500": {
      "l2": 1.012152690914775,
      "gr": 3.8760208454011877,
      "code": 1
    },
    "50_750": {
      "l2": 1.0105356474914773,
      "gr": 1.6096387583471092,
      "code": 1
    },
    "50_1000": {
      "l2": 1.0108321448106614,
      "gr": 1.4650479871876982,
      "code": 1
    },
    "50_2000": {
      "l2": 1.0060843141599327,
      "gr": 2.483055737388106,
      "code": 1
    },
    "50_5000": {
      "l2": 1.000481483888741,
      "gr": 2.2109786300594396,
      "code": 1
    }
  },
  "B": {
    "0.1_100": {
      "l2": 0.01610469278940254,
      "gr": 8.655489543227517,
      "code": 0
    },
    "0.1_250": {
      "l2": 0.014405317393182385,
      "gr": 6.584054082080771,
      "code": 0
    },
    "0.1_500": {
      "l2": 0.014405265802644942,
      "gr": 7.849106795524817,
      "code": 0
    },
    "0.1_750": {
      "l2": 0.014058239272629563,
      "gr": 6.376023303129495,
      "code": 0
    },
    "0.1_1000": {
      "l2": 0.014314119009082683,
      "gr": 6.073699509598985,
      "code": 0
    },
    "0.1_2000": {
      "l2": 0.014705266960074166,
      "gr": 7.724150010292925,
      "code": 0
    },
    "0.1_5000": {
      "l2": 0.014092731796840553,
      "gr": 8.955351845289524,
      "code": 0
    },
    "0.05_100": {
      "l2": 0.07805618545190766,
      "gr": 16.097012985394056,
      "code": 0
    },
    "0.05_250": {
      "l2": 0.054288839794947426,
      "gr": 15.31997052599831,
      "code": 0
    },
    "0.05_500": {
      "l2": 0.07636562973741484,
      "gr": 19.510767798644956,
      "code": 0
    },
    "0.05_750": {
      "l2": 0.05273468424470665,
      "gr": 15.204590513890308,
      "code": 0
    },
    "0.05_1000": {
      "l2": 0.04615029666010716,
      "gr": 13.267930856418525,
      "code": 0
    },
    "0.05_2000": {
      "l2": 0.052384970499970984,
      "gr": 12.479180155038016,
      "code": 0
    },
    "0.05_5000": {
      "l2": 0.04667483565500653,
      "gr": 12.650798667007718,
      "code": 0
    },
    "0.01_100": {
      "l2": 0.36352377327930036,
      "gr": 29.904200853779887,
      "code": 2
    },
    "0.01_250": {
      "l2": 0.3499725019750102,
      "gr": 40.01897744696654,
      "code": 2
    },
    "0.01_500": {
      "l2": 0.34774751536335985,
      "gr": 40.22669571878988,
      "code": 2
    },
    "0.01_750": {
      "l2": 0.33869212735595844,
      "gr": 42.33974171111043,
      "code": 2
    },
    "0.01_1000": {
      "l2": 0.33312522305955483,
      "gr": 45.335799035981516,
      "code": 2
    },
    "0.01_2000": {
      "l2": 0.337737993798965,
      "gr": 44.272590852263,
      "code": 2
    },
    "0.01_5000": {
      "l2": 0.331471953640481,
      "gr": 41.03131545187676,
      "code": 2
    },
    "0.005_100": {
      "l2": 0.39832949804110684,
      "gr": 30.006758434694316,
      "code": 2
    },
    "0.005_250": {
      "l2": 0.3848740965127723,
      "gr": 43.626057729660346,
      "code": 2
    },
    "0.005_500": {
      "l2": 0.37200229207452695,
      "gr": 47.84583576098919,
      "code": 2
    },
    "0.005_750": {
      "l2": 0.3780106692719394,
      "gr": 43.61167489222795,
      "code": 2
    },
    "0.005_1000": {
      "l2": 0.37867303341182057,
      "gr": 45.71361120113403,
      "code": 2
    },
    "0.005_2000": {
      "l2": 0.37667329795783505,
      "gr": 45.21513572198829,
      "code": 2
    },
    "0.005_5000": {
      "l2": 0.3688690527005607,
      "gr": 44.3600377722902,