{
  "A": {
    "1_100": {
      "l2": 0.01712205255691338,
      "gr": 0.20129020754128218,
      "code": 0,
      "stopped_early_at": 28000
    },
    "1_250": {
      "l2": 0.01781063825538011,
      "gr": 0.0740566502102232,
      "code": 0,
      "stopped_early_at": 27000
    },
    "1_500": {
      "l2": 0.016744714082648333,
      "gr": 0.16363210944761375,
      "code": 0,
      "stopped_early_at": 28000
    },
    "1_750": {
      "l2": 0.016627284661467723,
      "gr": 0.057560054652652924,
      "code": 0,
      "stopped_early_at": 27000
    },
    "1_1000": {
      "l2": 0.018532800305198417,
      "gr": 0.12555674166534955,
      "code": 0,
      "stopped_early_at": 27000
    },
    "1_2000": {
      "l2": 0.015054265578567221,
      "gr": 0.43003696404565894,
      "code": 0,
      "stopped_early_at": 29000
    },
    "1_5000": {
      "l2": 0.019392470453953398,
      "gr": 0.20144522664035594,
      "code": 0,
      "stopped_early_at": 25000
    },
    "5_100": {
      "l2": 0.017707207817117914,
      "gr": 0.489055152890156,
      "code": 0,
      "stopped_early_at": 27000
    },
    "5_250": {
      "l2": 0.01775739019699765,
      "gr": 1.1527692533433127,
      "code": 0,
      "stopped_early_at": 26000
    },
    "5_500": {
      "l2": 0.016280348961813403,
      "gr": 0.48024556808294666,
      "code": 0,
      "stopped_early_at": 26000
    },
    "5_750": {
      "l2": 0.015280158811098819,
      "gr": 0.6345996264645416,
      "code": 0,
      "stopped_early_at": 26000
    },
    "5_1000": {
      "l2": 0.018656061989034405,
      "gr": 0.18059313518613757,
      "code": 0,
      "stopped_early_at": 24000
    },
    "5_2000": {
      "l2": 0.017585914888251595,
      "gr": 0.39891327324154463,
      "code": 0,
      "stopped_early_at": 23000
    },
    "5_5000": {
      "l2": 0.016285449571018584,
      "gr": 0.3691370603170255,
      "code": 0,
      "stopped_early_at": 23000
    },
    "10_100": {
      "l2": 0.20059831115705543,
      "gr": 7.457670599331729,
      "code": 5,
      "stopped_early_at": null
    },
    "10_250": {
      "l2": 0.05629112714638529,
      "gr": 10.584846565424632,
      "code": 0,
      "stopped_early_at": null
    },
    "10_500": {
      "l2": 0.0400356652905375,
      "gr": 16.59745718328531,
      "code": 0,
      "stopped_early_at": null
    },
    "10_750": {
      "l2": 0.05217728174992527,
      "gr": 7.637692304542218,
      "code": 0,
      "stopped_early_at": null
    },
    "10_1000": {
      "l2": 0.05343777483184932,
      "gr": 9.438027187491869,
      "code": 0,
      "stopped_early_at": null
    },
    "10_2000": {
      "l2": 0.0643294582489859,
      "gr": 2.971188921209876,
      "code": 0,
      "stopped_early_at": null
    },
    "10_5000": {
      "l2": 0.04681945916556964,
      "gr": 3.8915070648863046,
      "code": 0,
      "stopped_early_at": null
    },
    "20_100": {
      "l2": 0.8312474035632219,
      "gr": 7.467610328419439,
      "code": 1,
      "stopped_early_at": null
    },
    "20_250": {
      "l2": 0.8281584246250272,
      "gr": 5.15347225757656,
      "code": 1,
      "stopped_early_at": null
    },
    "20_500": {
      "l2": 0.8195606431052959,
      "gr": 3.455519928130549,
      "code": 1,
      "stopped_early_at": null
    },
    "20_750": {
      "l2": 0.8181890376621418,
      "gr": 3.9862636659867836,
      "code": 1,
      "stopped_early_at": null
    },
    "20_1000": {
      "l2": 0.8125943843825197,
      "gr": 4.584903865137643,
      "code": 1,
      "stopped_early_at": null
    },
    "20_2000": {
      "l2": 0.802193423152433,
      "gr": 5.0658126809346635,
      "code": 1,
      "stopped_early_at": null
    },
    "20_5000": {
      "l2": 0.7899309435488615,
      "gr": 4.361817416921239,
      "code": 1,
      "stopped_early_at": null
    },
    "30_100": {
      "l2": 0.8849882426963018,
      "gr": 15.986944664609004,
      "code": 1,
      "stopped_early_at": null
    },
    "30_250": {
      "l2": 0.8807929352836478,
      "gr": 12.47168309276873,
      "code": 1,
      "stopped_early_at": null
    },
    "30_500": {
      "l2": 0.8829912559629615,
      "gr": 7.385121587620715,
      "code": 1,
      "stopped_early_at": null
    },
    "30_750": {
      "l2": 0.8635329014175841,
      "gr": 7.920941255860537,
      "code": 1,
      "stopped_early_at": null
    },
    "30_1000": {
      "l2": 0.8928876112021694,
      "gr": 5.1631529783449,
      "code": 1,
      "stopped_early_at": null
    },
    "30_2000": {
      "l2": 0.8919506436457306,
      "gr": 7.0251936219528135,
      "code": 1,
      "stopped_early_at": null
    },
    "30_5000": {
      "l2": 0.8930234636178568,
      "gr": 6.566721061352284,
      "code": 1,
      "stopped_early_at": null
    },
    "40_100": {
      "l2": 0.9229453231859255,
      "gr": 9.834394773612598,
      "code": 1,
      "stopped_early_at": null
    },
    "40_250": {
      "l2": 0.9106779867971918,
      "gr": 1.1283924818623703,
      "code": 1,
      "stopped_early_at": null
    },
    "40_500": {
      "l2": 0.9099003758114158,
      "gr": 7.125985558318524,
      "code": 1,
      "stopped_early_at": null
    },
    "40_750": {
      "l2": 0.9068441597435799,
      "gr": 6.81389526888055,
      "code": 1,
      "stopped_early_at": null
    },
    "40_1000": {
      "l2": 0.9110094184476807,
      "gr": 5.2388094215070735,
      "code": 1,
      "stopped_early_at": null
    },
    "40_2000": {
      "l2": 0.909909486514218,
      "gr": 4.017088747129461,
      "code": 1,
      "stopped_early_at": null
    },
    "40_5000": {
      "l2": 0.9227395362379437,
      "gr": 4.409541172299842,
      "code": 1,
      "stopped_early_at": null
    },
    "50_100": {
      "l2": 0.9480044953125427,
      "gr": 40.042212595881786,
      "code": 2,
      "stopped_early_at": null
    },
    "50_250": {
      "l2": 0.9399330427246563,
      "gr": 21.91280295652565,
      "code": 2,
      "stopped_early_at": null
    },
    "50_500": {
      "l2": 0.9424995001849514,
      "gr": 6.42073785652991,
      "code": 1,
      "stopped_early_at": null
    },
    "50_750": {
      "l2": 0.9392405408759803,
      "gr": 5.712256122953232,
      "code": 1,
      "stopped_early_at": null
    },
    "50_1000": {
      "l2": 0.9441006797143858,
      "gr": 2.0474021507179825,
      "code": 1,
      "stopped_early_at": null
    },
    "50_2000": {
      "l2": 0.9402104154205022,
      "gr": 4.470648318260926,
      "code": 1,
      "stopped_early_at": null
    },
    "50_5000": {
      "l2": 0.9392344277574476,
      "gr": 3.944669330338778,
      "code": 1,
      "stopped_early_at": null
    }
  },
  "B": {
    "0.1_100": {
      "l2": 0.018518447534695757,
      "gr": 1.0098871275238228,
      "code": 0,
      "stopped_early_at": 28000
    },
    "0.1_250": {
      "l2": 0.01967653849211796,
      "gr": 1.3100715478337837,
      "code": 0,
      "stopped_early_at": 27000
    },
    "0.1_500": {
      "l2": 0.018888092082092536,
      "gr": 0.68849907222206,
      "code": 0,
      "stopped_early_at": 13000
    },
    "0.1_750": {
      "l2": 0.016854785012255555,
      "gr": 0.27245667705795684,
      "code": 0,
      "stopped_early_at": 23000
    },
    "0.1_1000": {
      "l2": 0.017506190177949313,
      "gr": 1.0199592527524666,
      "code": 0,
      "stopped_early_at": 28000
    },
    "0.1_2000": {
      "l2": 0.01673754104635902,
      "gr": 1.3412229042634907,
      "code": 0,
      "stopped_early_at": 28000
    },
    "0.1_5000": {
      "l2": 0.01763641357204051,
      "gr": 0.918220772079873,
      "code": 0,
      "stopped_early_at": 25000
    },
    "0.05_100": {
      "l2": 0.025051399237268287,
      "gr": 19.34186960678954,
      "code": 0,
      "stopped_early_at": null
    },
    "0.05_250": {
      "l2": 0.024937394656766275,
      "gr": 5.059813057447506,
      "code": 0,
      "stopped_early_at": null
    },
    "0.05_500": {
      "l2": 0.025187806388234667,
      "gr": 8.205889283197072,