{
  "experiment": "Unified Failure Phase Space",
  "version": "v2_epoch_fix",
  "config": {
    "beta_vals": [
      1,
      5,
      10,
      20,
      30,
      40,
      50
    ],
    "n_col_vals": [
      100,
      250,
      500,
      750,
      1000,
      2000,
      5000
    ],
    "nu_vals": [
      0.1,
      0.05,
      0.01,
      0.005,
      0.001
    ],
    "width_vals": [
      16,
      32,
      64,
      128,
      256
    ],
    "n_epochs": 40000,
    "seed": 42,
    "quick_mode": false
  },
  "grid_A": {
    "l2_matrix": [
      [
        0.01712205255691338,
        0.01781063825538011,
        0.016744714082648333,
        0.016627284661467723,
        0.018532800305198417,
        0.015054265578567221,
        0.019392470453953398
      ],
      [
        0.017707207817117914,
        0.01775739019699765,
        0.016280348961813403,
        0.015280158811098819,
        0.018656061989034405,
        0.017585914888251595,
        0.016285449571018584
      ],
      [
        0.20059831115705543,
        0.05629112714638529,
        0.0400356652905375,
        0.05217728174992527,
        0.05343777483184932,
        0.0643294582489859,
        0.04681945916556964
      ],
      [
        0.8312474035632219,
        0.8281584246250272,
        0.8195606431052959,
        0.8181890376621418,
        0.8125943843825197,
        0.802193423152433,
        0.7899309435488615
      ],
      [
        0.8849882426963018,
        0.8807929352836478,
        0.8829912559629615,
        0.8635329014175841,
        0.8928876112021694,
        0.8919506436457306,
        0.8930234636178568
      ],
      [
        0.9229453231859255,
        0.9106779867971918,
        0.9099003758114158,
        0.9068441597435799,
        0.9110094184476807,
        0.909909486514218,
        0.9227395362379437
      ],
      [
        0.9480044953125427,
        0.9399330427246563,
        0.9424995001849514,
        0.9392405408759803,
        0.9441006797143858,
        0.9402104154205022,
        0.9392344277574476
      ]
    ],
    "grad_ratio": [
      [
        0.20129020754128218,
        0.0740566502102232,
        0.16363210944761375,
        0.057560054652652924,
        0.12555674166534955,
        0.43003696404565894,
        0.20144522664035594
      ],
      [
        0.489055152890156,
        1.1527692533433127,
        0.48024556808294666,
        0.6345996264645416,
        0.18059313518613757,
        0.39891327324154463,
        0.3691370603170255
      ],
      [
        7.457670599331729,
        10.584846565424632,
        16.59745718328531,
        7.637692304542218,
        9.438027187491869,
        2.971188921209876,
        3.8915070648863046
      ],
      [
        7.467610328419439,
        5.15347225757656,
        3.455519928130549,
        3.9862636659867836,
        4.584903865137643,
        5.0658126809346635,
        4.361817416921239
      ],
      [
        15.986944664609004,
        12.47168309276873,
        7.385121587620715,
        7.920941255860537,
        5.1631529783449,
        7.0251936219528135,
        6.566721061352284
      ],
      [
        9.834394773612598,
        1.1283924818623703,
        7.125985558318524,
        6.81389526888055,
        5.2388094215070735,
        4.017088747129461,
        4.409541172299842
      ],
      [
        40.042212595881786,
        21.91280295652565,
        6.42073785652991,
        5.712256122953232,
        2.0474021507179825,
        4.470648318260926,
        3.944669330338778
      ]
    ],
    "regime_codes": [
      [
        0,
        0,
        0,
        0,
        0,
        0,
        0
      ],
      [
        0,
        0,
        0,
        0,
        0,
        0,
        0
      ],
      [
        5,
        0,
        0,
        0,
        0,
        0,
        0
      ],
      [
        1,
        1,
        1,
        1,
        1,
        1,
        1
      ],
      [
        1,
        1,
        1,
        1,
        1,
        1,
        1
      ],
      [
        1,
        1,
        1,
        1,
        1,
        1,
        1
      ],
      [
        2,
        2,
        1,
        1,
        1,
        1,
        1
      ]
    ],
    "boundary": {
      "x": [
        10.0
      ],
      "y": [
        175.0
      ],
      "best_fit": "insufficient_data",
      "r2": -1.0
    }
  },
  "grid_B": {
    "l2_matrix": [
      [
        0.018518447534695757,
        0.01967653849211796,
        0.018888092082092536,
        0.016854785012255555,
        0.017506190177949313,
        0.01673754104635902,
        0.01763641357204051
      ],
      [
        0.025051399237268287,
        0.024937394656766275,
        0.025187806388234667,
        0.025207516530087338,
        0.02511798983275595,
        0.025349574455288997,
        0.0252368041737988
      ],
      [
        0.03882570723136655,
        0.03892601210076863,
        0.03915054515649241,
        0.038935968669560284,
        0.038885153247860196,
        0.038985332505040125,
        0.039158408227206676
      ],
      [
        0.04059576125657317,
        0.04107344495049503,
        0.040925880563400026,
        0.04115966822164482,
        0.04107656497772124,
        0.0410807399776975,
        0.04125467199911442
      ],
      [
        0.18872534555159132,
        0.1392308239614038,
        0.1219122617320294,
        0.05477854029183596,
        0.039084053772678755,
        0.03500919271956602,
        0.034221266297062194
      ]
    ],
    "grad_ratio": [
      [
        1.0098871275238228,
        1.3100715478337837,
        0.68849907222206,
        0.27245667705795684,
        1.0199592527524666,
        1.3412229042634907,
        0.918220772079873
      ],
      [
        19.34186960678954,
        5.059813057447506,
        8.205889283197072,
        8.09815083028706,
        7.8915377013587,
        8.04258413786199,
        2.8074152914518398
      ],
      [
        11.113394235156997,
        88.43473338170705,
        22.52868949553814,
        95.67482507991276,
        28.28416387486107,
        87.41964534522029,
        61.97174810486747
      ],
      [
        70.57105471973033,
        166.06436946910114,
        57.6556360198905,
        74.30855196890896,
        22.427930168531088,
        45.818067365419765,
        22.36399915662315
      ],
      [
        109.29931319854786,
        69.49525583016482,
        164.91220470620823,
        279.2587666024681,
        492.4356885927103,
        1983.0079051586383,
        318.6839831608355
      ]
    ],
    "regime_codes": [
      [
        0,
        0,
        0,
        0,
        0,
        0,
        0
      ],
      [
        0,
        0,
        0,
        0,
        0,
        0,
        0
      ],
      [
        0,
        0,
        0,
        0,
        0,
        0,
        0
      ],
      [
        0,
        0,
        0,
        0,
        0,
        0,
        0
      ],
      [
        2,
        2,
        2,
        0,
        0,
        0,
        0
      ]
    ],
    "boundary": {
      "x": [
        0.001
      ],
      "y": [
        625.0
      ],
      "best_fit": "insufficient_data",
      "r2": -1.0
    }
  },