{
  "experiment": "Silent Conservation Leakage",
  "version": "v1",
  "hypothesis": "A PINN can achieve a passing L2 error (< 0.1) while fundamentally violating the conservation laws of the system. For Viscous Burgers with antisymmetric IC and zero BCs, the total mass \u222bu dx should remain \u2248 0 at all times. The PINN's learned solution develops an asymmetric bias that accumulates 'leaked' mass, proving that L2 convergence does not imply physical correctness.",
  "config": {
    "nu": 0.003183098861837907,
    "seed": 42,
    "n_hidden": 4,
    "n_neurons": 64,
    "n_epochs": 30000,
    "lr": 0.001,
    "track_every": 1000,
    "mass_eval_times": [
      0.5,
      0.9
    ]
  },
  "final_l2_error": 0.09042590693085283,
  "tracking": {
    "epochs": [
      1000,
      2000,
      3000,
      4000,
      5000,
      6000,
      7000,
      8000,
      9000,
      10000,
      11000,
      12000,
      13000,
      14000,
      15000,
      16000,
      17000,
      18000,
      19000,
      20000,
      21000,
      22000,
      23000,
      24000,
      25000,
      26000,
      27000,
      28000,
      29000,
      30000
    ],
    "l2_errors": [
      0.3253146865733721,
      0.2225363670049859,
      0.13715356673911255,
      0.13218622732733348,
      0.09111692150419577,
      0.09956028969506835,
      0.09172555603460668,
      0.09614624609045164,
      0.09426569263215563,
      0.09351127349986804,
      0.09634881104723757,
      0.09239249421306944,
      0.09150458580068889,
      0.09193607655975498,
      0.09200428006570711,
      0.09133694039394474,
      0.09147610256527468,
      0.09093392190915282,
      0.09134098730722166,
      0.09044339052842405,
      0.09072162373591142,
      0.09031821738531305,
      0.09076647329338616,
      0.09057417736303719,
      0.09046032651737576,
      0.09044619711747355,
      0.09048031584037036,
      0.09037235112980599,
      0.09043588738696466,
      0.09042590693085283
    ],
    "mass_leakage": {
      "0.5": [
        0.015835179015994072,
        0.00035295647103339434,
        0.021877270191907883,
        0.0019419151358306408,
        0.020834164693951607,
        0.010146424174308777,
        0.0018662791699171066,
        0.014711943455040455,
        0.016778774559497833,
        0.01749299466609955,
        0.008221476338803768,
        0.013997578993439674,
        0.0015502463793382049,
        0.0017946521984413266,
        0.0006472014356404543,
        0.00358421984128654,
        0.0006305817514657974,
        0.002725840313360095,
        0.0023400182835757732,
        0.0005736511084251106,
        0.00014048728917259723,
        0.00015872762014623731,
        0.0006643130909651518,
        0.00024254976597148925,
        0.00016964838141575456,
        0.0001848337851697579,
        1.2680463441938628e-05,
        0.00020899805531371385,
        1.6475023585371673e-05,
        0.000182545802090317
      ],
      "0.9": [
        0.015333009883761406,
        0.0027740958612412214,
        0.030431799590587616,
        0.01015098113566637,
        0.02237009070813656,
        0.01061247754842043,
        0.0008248508675023913,
        0.01827838644385338,
        0.017254427075386047,
        0.018426360562443733,
        0.008749946020543575,
        0.014961259439587593,
        0.00819601770490408,
        0.002589799929410219,
        0.00013527891132980585,
        0.004337582737207413,
        0.00022365413315128535,
        0.0033119770232588053,
        0.0019511751597747207,
        0.000551664677914232,
        0.000298337428830564,
        0.00011652160173980519,
        0.0003450255608186126,
        0.0002917711390182376,
        0.00021852925419807434,
        0.00027481504366733134,
        5.623976176138967e-05,
        0.00018967234063893557,
        3.009628017025534e-05,
        0.00019755582616198808
      ]
    }
  },
  "final_mass_leakage": {
    "0.5": 0.000182545802090317,
    "0.9": 0.00019755582616198808
  },
  "conservation_note": "For the Viscous Burgers equation with u(x,0) = -sin(\u03c0x) and u(-1,t) = u(1,t) = 0, the antisymmetry guarantees \u222bu dx = 0 at all times. Any nonzero \u222bu_pred dx represents a violation of the integral conservation law, even if the pointwise L2 error is small."
}